GEN,UnitOnT0State,PowerGeneratedT0
SolarPhotovoltaic_90_1,121,38.86
SolarPhotovoltaic_91_PA,121,38.86
SolarPhotovoltaic_92_PP,121,15.21
OnshoreWindTurbine_93_1,121,102.71
OnshoreWindTurbine_94_PA,-25,102.71
OnshoreWindTurbine_95_PB,73,102.71
OnshoreWindTurbine_96_PC,1,102.71
OnshoreWindTurbine_97_PP,-49,41.23
OnshoreWindTurbine_98_1,-1,22.3
OnshoreWindTurbine_99_PA,-49,22.3
OnshoreWindTurbine_100_PB,-1,22.3
OnshoreWindTurbine_101_PC,49,22.3
OnshoreWindTurbine_102_PP,-25,22.31
NaturalGasFiredCombinedCycle_103_1,25,104.12
NaturalGasFiredCombinedCycle_104_PA,-1,104.12
NaturalGasFiredCombinedCycle_105_PP,1,14.88
NaturalGasSteamTurbine_106_1,49,140.28
NaturalGasSteamTurbine_107_PA,-1,140.28
NaturalGasFiredCombinedCycle_108_PP,25,22.45
OnshoreWindTurbine_109_1,97,35.91
OnshoreWindTurbine_110_PA,25,35.91
NaturalGasFiredCombinedCycle_111_PP,-1,15.97
OnshoreWindTurbine_112_1,1,32.14
OnshoreWindTurbine_113_PA,-1,32.14
OnshoreWindTurbine_114_PB,-1,32.14
OnshoreWindTurbine_115_PC,-25,32.14
OnshoreWindTurbine_116_PP,1,15.81
OnshoreWindTurbine_117_1,-25,48.73
OnshoreWindTurbine_118_PA,25,48.73
OnshoreWindTurbine_119_PB,1,48.73
OnshoreWindTurbine_120_PC,-1,48.73
OnshoreWindTurbine_121_PP,1,17.22
SolarPhotovoltaic_122_1,25,41.21
SolarPhotovoltaic_123_PA,-1,41.21
SolarPhotovoltaic_124_PP,-1,88.13
SolarPhotovoltaic_125_1,-1,56.21
SolarPhotovoltaic_126_PA,-49,56.21
SolarPhotovoltaic_127_PP,49,55.12
SolarPhotovoltaic_128_1,-1,16.21
SolarPhotovoltaic_129_PA,-1,16.21
SolarPhotovoltaic_130_PP,-1,32.91
SolarPhotovoltaic_131_1,-25,61.21
SolarPhotovoltaic_132_PA,25,61.21
SolarPhotovoltaic_133_PP,-1,57.1
OnshoreWindTurbine_134_1,-49,42.13
OnshoreWindTurbine_135_PA,73,42.13
OnshoreWindTurbine_136_PB,1,42.13
OnshoreWindTurbine_137_PC,-49,42.13
OnshoreWindTurbine_138_PP,1,27.81
OnshoreWindTurbine_139_1,-49,41.78
OnshoreWindTurbine_140_PA,25,41.78
OnshoreWindTurbine_141_PB,-1,41.78
OnshoreWindTurbine_142_PC,49,41.78
OnshoreWindTurbine_143_PP,1,18.22
OnshoreWindTurbine_144_1,1,51.31
OnshoreWindTurbine_145_PA,25,51.31
OnshoreWindTurbine_146_PB,1,51.31
OnshoreWindTurbine_147_PC,-49,51.31
OnshoreWindTurbine_148_PP,-1,38.12
SolarPhotovoltaic_149_1,-25,43.51
SolarPhotovoltaic_150_PA,121,43.51
SolarPhotovoltaic_151_PP,1,68.21
SolarPhotovoltaic_152_1,25,25.87
SolarPhotovoltaic_153_PA,1,25.87
SolarPhotovoltaic_154_PP,1,33.53
SolarPhotovoltaic_155_1,-1,27.31
SolarPhotovoltaic_156_PA,-1,27.31
SolarPhotovoltaic_157_PP,-25,19.21
OnshoreWindTurbine_158_1,-8,97.13
OnshoreWindTurbine_159_PA,1,97.13
OnshoreWindTurbine_160_PP,25,20.93
SolarPhotovoltaic_161_1,-73,35.13
SolarPhotovoltaic_162_PA,-25,35.13
SolarPhotovoltaic_163_PP,1,56.13
OnshoreWindTurbine_164_1,1,12.83
OnshoreWindTurbine_165_PA,-24,0.0
OnshoreWindTurbine_166_PB,-1,12.83
OnshoreWindTurbine_167_PC,-1,12.83
OnshoreWindTurbine_168_PP,-73,5.21
OnshoreWindTurbine_169_1,49,103.41
OnshoreWindTurbine_170_PA,-1,103.41
OnshoreWindTurbine_171_PB,-1,103.41
OnshoreWindTurbine_172_PC,73,103.41
OnshoreWindTurbine_173_PP,-1,52.13
NaturalGasSteamTurbine_174_1,-1,90.83
NaturalGasSteamTurbine_175_PA,-49,90.83
NaturalGasFiredCombinedCycle_176_PP,-1,19.7
NaturalGasSteamTurbine_177_1,-25,91.41
NaturalGasSteamTurbine_178_PA,49,91.41
NaturalGasFiredCombinedCycle_179_PP,-121,20.03
OnshoreWindTurbine_180_1,-25,35.13
OnshoreWindTurbine_181_PA,1,35.13
OnshoreWindTurbine_182_PB,25,35.13
OnshoreWindTurbine_183_PC,1,35.13
OnshoreWindTurbine_184_PP,25,38.41
SolarPhotovoltaic_185_1,-49,99.13
SolarPhotovoltaic_186_PA,1,99.13
SolarPhotovoltaic_187_PP,1,65.21
OnshoreWindTurbine_188_1,-49,42.13
OnshoreWindTurbine_189_PA,-25,42.13
OnshoreWindTurbine_190_PB,-1,42.13
OnshoreWindTurbine_191_PC,-1,42.13
OnshoreWindTurbine_192_PP,1,39.41
SolarPhotovoltaic_193_1,1,35.18
SolarPhotovoltaic_194_PA,-25,35.18
SolarPhotovoltaic_195_PP,-8,39.41
SolarPhotovoltaic_196_1,1,17.51
SolarPhotovoltaic_197_PA,-1,17.51
SolarPhotovoltaic_198_PP,97,16.21
SolarPhotovoltaic_199_1,-1,17.13
SolarPhotovoltaic_200_PA,-49,17.13
SolarPhotovoltaic_201_PP,1,16.88
OnshoreWindTurbine_202_1,-25,82.13
OnshoreWindTurbine_203_PA,-25,82.13
OnshoreWindTurbine_204_PB,25,82.13
OnshoreWindTurbine_205_PC,1,82.13
OnshoreWindTurbine_206_PP,1,42.13
OnshoreWindTurbine_207_1,-1,34.21
OnshoreWindTurbine_208_PA,1,34.21
OnshoreWindTurbine_209_PB,-25,34.21
OnshoreWindTurbine_210_PC,25,34.21
OnshoreWindTurbine_211_PP,1,45.13
SolarPhotovoltaic_212_1,73,38.71
SolarPhotovoltaic_213_PA,-1,38.71
SolarPhotovoltaic_214_PP,-73,67.13
OnshoreWindTurbine_215_1,1,75.81
OnshoreWindTurbine_216_PA,-25,75.81
OnshoreWindTurbine_217_PB,-25,75.81
OnshoreWindTurbine_218_PC,-25,75.81
OnshoreWindTurbine_219_PP,-49,48.51
OnshoreWindTurbine_220_1,-25,25.13
OnshoreWindTurbine_221_PA,1,25.13
OnshoreWindTurbine_222_PB,-49,25.13
OnshoreWindTurbine_223_PC,-49,25.13
OnshoreWindTurbine_224_PP,-25,39.21
SolarPhotovoltaic_225_1,1,58.12
SolarPhotovoltaic_226_PA,-25,58.12
SolarPhotovoltaic_227_PP,-25,70.13
SolarPhotovoltaic_228_1,-121,51.23
SolarPhotovoltaic_229_PA,-1,51.23
SolarPhotovoltaic_230_PC,-73,57.21
SolarPhotovoltaic_231_PP,-1,38.12
OnshoreWindTurbine_232_1,49,48.13
OnshoreWindTurbine_233_PA,-8,48.13
OnshoreWindTurbine_234_PB,-49,48.13
OnshoreWindTurbine_235_PC,-1,48.13
OnshoreWindTurbine_236_PP,1,24.31
SolarPhotovoltaic_237_1,1,37.12
SolarPhotovoltaic_238_PA,49,37.12
SolarPhotovoltaic_239_PP,-49,56.92
OnshoreWindTurbine_240_1,-24,0.0
OnshoreWindTurbine_241_PA,-8,138.41
OnshoreWindTurbine_242_PB,1,138.41
OnshoreWindTurbine_243_PC,1,138.41
OnshoreWindTurbine_244_PP,-49,41.07
OnshoreWindTurbine_245_1,1,80.12
OnshoreWindTurbine_246_PA,-1,80.12
OnshoreWindTurbine_247_PB,-25,80.12
OnshoreWindTurbine_248_PC,25,80.12
OnshoreWindTurbine_249_PP,-1,42.57
OnshoreWindTurbine_250_1,-25,52.86
OnshoreWindTurbine_251_PA,1,52.86
OnshoreWindTurbine_252_PB,1,52.86
OnshoreWindTurbine_253_PC,1,52.86
OnshoreWindTurbine_254_PP,25,25.13
OnshoreWindTurbine_255_1,-49,73.12
OnshoreWindTurbine_256_PA,-1,73.12
OnshoreWindTurbine_257_PB,1,73.12
OnshoreWindTurbine_258_PC,1,73.12
OnshoreWindTurbine_259_PP,-1,32.18
SolarPhotovoltaic_260_1,25,78.11
SolarPhotovoltaic_261_PA,-73,78.11
SolarPhotovoltaic_262_PP,1,52.13
SolarPhotovoltaic_263_1,-1,1.79
SolarPhotovoltaic_264_PA,-1,1.79
SolarPhotovoltaic_265_PP,-1,2.13
SolarPhotovoltaic_266_1,-1,160.2
SolarPhotovoltaic_267_PA,1,160.2
SolarPhotovoltaic_268_PP,1,45.13
ConventionalHydroelectric_269_1,-1,6.1
ConventionalHydroelectric_270_PA,1,6.1
NaturalGasInternalCombustionEngine_271_PP,49,1.22
NaturalGasSteamTurbine_272_1,-1,135.12
NaturalGasSteamTurbine_273_PA,-73,135.12
OnshoreWindTurbine_274_PP,49,43.19
OnshoreWindTurbine_275_1,25,91.32
OnshoreWindTurbine_276_PA,-49,91.32
OnshoreWindTurbine_277_PB,-1,91.32
OnshoreWindTurbine_278_PC,-25,91.32
OnshoreWindTurbine_279_PP,-1,41.23
OnshoreWindTurbine_280_1,1,52.13
OnshoreWindTurbine_281_PA,1,52.13
OnshoreWindTurbine_282_PB,-1,52.13
OnshoreWindTurbine_283_PC,-25,52.13
OnshoreWindTurbine_284_PP,-49,33.01
SolarPhotovoltaic_285_1,-1,51.34
SolarPhotovoltaic_286_PA,-8,51.34
SolarPhotovoltaic_287_PP,-25,42.13
SolarPhotovoltaic_289_2,-97,172.13
SolarPhotovoltaic_291_PB,-1,172.13
SolarPhotovoltaic_292_PP,-1,90.23
SolarPhotovoltaic_293_1,73,42.34
SolarPhotovoltaic_294_2,121,94.32
SolarPhotovoltaic_295_3,-49,72.11
SolarPhotovoltaic_296_1,49,131.45
SolarPhotovoltaic_298_PA,-1,131.45
SolarPhotovoltaic_300_PP,-1,102.31
SolarPhotovoltaic_301_1,-1,34.13
SolarPhotovoltaic_303_PA,-97,34.13
SolarPhotovoltaic_305_PP,25,89.13
OnshoreWindTurbine_306_1,1,141.23
OnshoreWindTurbine_307_PA,1,141.23
OnshoreWindTurbine_308_PB,-1,141.23
OnshoreWindTurbine_309_PC,-1,141.23
OnshoreWindTurbine_310_PP,-49,43.12
SolarPhotovoltaic_311_1,-1,45.13
SolarPhotovoltaic_312_PA,-73,45.13
SolarPhotovoltaic_313_PP,1,87.21
SolarPhotovoltaic_314_1,-25,90.13
SolarPhotovoltaic_315_PA,-1,90.13
SolarPhotovoltaic_316_PP,-97,52.13
SolarPhotovoltaic_317_1,1,26.13
SolarPhotovoltaic_318_PA,-49,26.13
SolarPhotovoltaic_319_PP,-25,42.13
SolarPhotovoltaic_320_1,-8,42.18
SolarPhotovoltaic_321_PA,1,42.18
SolarPhotovoltaic_322_PP,-25,90.13
SolarPhotovoltaic_323_1,25,21.2
SolarPhotovoltaic_324_PA,-1,21.2
SolarPhotovoltaic_325_PP,49,16.21
OnshoreWindTurbine_326_1,1,34.13
OnshoreWindTurbine_327_PA,-25,34.13
OnshoreWindTurbine_328_PB,-24,0.0
OnshoreWindTurbine_329_PC,1,34.13
OnshoreWindTurbine_330_PP,-24,0.0
SolarPhotovoltaic_331_1,97,43.31
SolarPhotovoltaic_332_PA,-49,43.31
SolarPhotovoltaic_333_PP,73,87.22
SolarPhotovoltaic_334_1,1,35.13
SolarPhotovoltaic_335_PA,-1,35.13
SolarPhotovoltaic_336_PP,1,24.13
SolarPhotovoltaic_337_1,1,14.31
SolarPhotovoltaic_338_PA,1,14.31
SolarPhotovoltaic_339_PP,25,9.13
SolarPhotovoltaic_340_1,1,34.21
SolarPhotovoltaic_341_PA,-49,34.21
SolarPhotovoltaic_342_PP,-49,35.13
SolarPhotovoltaic_343_1,1,44.13
SolarPhotovoltaic_344_PA,-1,44.13
SolarPhotovoltaic_345_PP,-1,54.22
SolarPhotovoltaic_346_1,-97,72.13
SolarPhotovoltaic_347_PA,-1,72.13
SolarPhotovoltaic_348_PP,1,48.12
OnshoreWindTurbine_349_1,25,38.13
OnshoreWindTurbine_350_PA,121,38.13
OnshoreWindTurbine_351_PB,-1,38.13
OnshoreWindTurbine_352_PC,-1,38.13
OnshoreWindTurbine_353_PP,1,14.21
OnshoreWindTurbine_354_1,-73,73.12
OnshoreWindTurbine_355_PA,1,73.12
OnshoreWindTurbine_356_PB,1,73.12
OnshoreWindTurbine_357_PC,1,73.12
OnshoreWindTurbine_358_PP,73,44.51
SolarPhotovoltaic_359_1,-1,42.13
SolarPhotovoltaic_360_PA,-1,42.13
SolarPhotovoltaic_361_PP,-1,35.21
SolarPhotovoltaic_362_1,121,43.13
SolarPhotovoltaic_363_PA,25,43.13
SolarPhotovoltaic_364_PP,73,37.82
SolarPhotovoltaic_365_1,-73,49.13
SolarPhotovoltaic_366_PA,-49,49.13
SolarPhotovoltaic_367_PP,49,44.12
OnshoreWindTurbine_368_1,-25,90.21
OnshoreWindTurbine_369_PA,-1,90.21
OnshoreWindTurbine_370_PB,25,90.21
OnshoreWindTurbine_371_PC,-25,90.21
OnshoreWindTurbine_372_PP,-1,34.81
OnshoreWindTurbine_375_1,-25,40.18
OnshoreWindTurbine_376_PA,1,40.18
OnshoreWindTurbine_377_PB,25,40.18
OnshoreWindTurbine_378_PC,-1,40.18
OnshoreWindTurbine_379_PP,-25,38.13
SolarPhotovoltaic_384_1,1,39.42
SolarPhotovoltaic_385_PA,-25,39.42
SolarPhotovoltaic_386_PP,25,37.21
SolarPhotovoltaic_387_1,1,22.18
SolarPhotovoltaic_388_PA,-1,22.18
SolarPhotovoltaic_389_PP,1,19.21
SolarPhotovoltaic_390_1,97,31.21
SolarPhotovoltaic_391_PA,-1,31.21
SolarPhotovoltaic_392_PP,-1,34.13
SolarPhotovoltaic_395_1,-73,28.21
SolarPhotovoltaic_397_PA,-8,28.21
SolarPhotovoltaic_399_PP,1,42.82
SolarPhotovoltaic_400_1,49,61.21
SolarPhotovoltaic_402_PA,-1,61.21
SolarPhotovoltaic_404_PP,-49,56.21
NaturalGasSteamTurbine_405_1,-8,157.21
NaturalGasSteamTurbine_406_PA,1,157.21
SolarPhotovoltaic_408_PA,-25,35.22
SolarPhotovoltaic_409_PB,73,55.71
SolarPhotovoltaic_410_PC,-25,85.11
SolarPhotovoltaic_411_PA,1,42.34
SolarPhotovoltaic_412_PB,-73,68.22
SolarPhotovoltaic_413_PC,49,72.11
SolarPhotovoltaic_414_1,49,23.41
SolarPhotovoltaic_415_PA,-1,23.41
SolarPhotovoltaic_416_PP,49,19.02
NaturalGasSteamTurbine_111180_1,-1,87.52
NaturalGasSteamTurbine_111181_1,25,303.73
NaturalGasFiredCombustionTurbine_111183_1,-25,15.73
NaturalGasFiredCombustionTurbine_111184_1,-1,6.3
NaturalGasFiredCombustionTurbine_111185_1,73,23.18
NaturalGasFiredCombustionTurbine_111186_1,1,23.19
NaturalGasFiredCombustionTurbine_111187_1,1,21.89
NaturalGasFiredCombustionTurbine_111188_1,-25,26.28
NaturalGasFiredCombinedCycle_111190_1,-25,27.6
NaturalGasFiredCombinedCycle_111191_1,-1,48.44
NaturalGasFiredCombinedCycle_111192_1,-73,20.52
NaturalGasFiredCombinedCycle_111193_1,-25,14.65
NaturalGasFiredCombinedCycle_111194_1,1,28.41
NaturalGasFiredCombinedCycle_111195_1,25,24.09
NaturalGasFiredCombinedCycle_111196_1,-1,14.15
NaturalGasFiredCombinedCycle_111197_1,-1,13.05
NaturalGasFiredCombinedCycle_111198_1,1,13.03
NaturalGasFiredCombinedCycle_111199_1,-1,25.07
NaturalGasFiredCombustionTurbine_111200_1,-1,25.87
NaturalGasFiredCombustionTurbine_111201_1,49,25.9
NaturalGasFiredCombustionTurbine_111202_1,73,10.82
NaturalGasFiredCombustionTurbine_111203_1,-1,8.97
NaturalGasFiredCombustionTurbine_111204_1,121,17.69
NaturalGasFiredCombustionTurbine_111205_1,1,26.75
NaturalGasFiredCombustionTurbine_111206_1,-1,3.03
NaturalGasFiredCombustionTurbine_111212_1,-8,1.49
NaturalGasSteamTurbine_111212_2,-8,165.98
NaturalGasSteamTurbine_111213_1,-8,34.5
NaturalGasSteamTurbine_111214_1,-8,44.2
NaturalGasSteamTurbine_111215_1,-8,29.81
Nuclear_111217_1,24,201.18
Nuclear_111218_1,24,178.29
NaturalGasFiredCombustionTurbine_111220_1,-1,34.89
NaturalGasFiredCombustionTurbine_111221_1,-1,13.8
NaturalGasFiredCombustionTurbine_111223_1,-1,3.97
NaturalGasFiredCombustionTurbine_111231_1,-1,20.03
NaturalGasFiredCombustionTurbine_111232_1,-25,7.5
NaturalGasFiredCombustionTurbine_111233_1,-1,27.46
NaturalGasFiredCombustionTurbine_111234_1,-25,19.31
OtherGases_111237_1,49,17.39
NaturalGasFiredCombustionTurbine_111241_2,1,13.43
NaturalGasFiredCombustionTurbine_111242_1,-73,12.12
NaturalGasFiredCombustionTurbine_111242_2,-1,5.59
NaturalGasFiredCombustionTurbine_111243_1,-25,5.77
NaturalGasFiredCombustionTurbine_111243_2,25,1.93
NaturalGasFiredCombustionTurbine_111244_1,-49,2.1
NaturalGasFiredCombustionTurbine_111246_1,-25,68.38
NaturalGasFiredCombustionTurbine_111247_1,1,36.59
NaturalGasFiredCombustionTurbine_111248_1,49,14.6
NaturalGasFiredCombustionTurbine_111249_1,-49,14.84
NaturalGasFiredCombustionTurbine_111249_2,-25,11.82
NaturalGasFiredCombinedCycle_111251_1,1,12.15
NaturalGasFiredCombinedCycle_111252_1,-1,20.23
NaturalGasFiredCombinedCycle_111253_1,1,19.26
NaturalGasFiredCombinedCycle_111254_1,-121,10.92
NaturalGasFiredCombustionTurbine_111260_1,-1,25.93
Batteries_111262_1,-49,14.26
NaturalGasSteamTurbine_111264_1,49,9.49
Batteries_111266_1,-1,6.4
OtherGases_111267_1,1,24.7
OtherGases_111268_1,1,34.86
NaturalGasFiredCombinedCycle_111270_1,-25,58.9
NaturalGasFiredCombinedCycle_111271_1,-1,30.42
NaturalGasFiredCombinedCycle_111272_1,-49,32.31
NaturalGasFiredCombinedCycle_111273_1,1,11.29
NaturalGasFiredCombinedCycle_111274_1,-25,19.97
NaturalGasFiredCombinedCycle_111276_1,-49,21.65
NaturalGasFiredCombinedCycle_111280_1,-1,42.26
NaturalGasFiredCombinedCycle_111281_1,1,37.35
NaturalGasFiredCombinedCycle_111282_1,25,32.22
NaturalGasFiredCombinedCycle_111283_1,-25,13.48
NaturalGasFiredCombinedCycle_111286_1,1,23.14
NaturalGasFiredCombinedCycle_111287_1,1,32.87
NaturalGasFiredCombinedCycle_111288_1,-1,46.3
NaturalGasFiredCombinedCycle_111289_1,-25,26.43
NaturalGasFiredCombinedCycle_111290_1,49,33.36
NaturalGasFiredCombinedCycle_111291_1,-1,15.74
NaturalGasFiredCombustionTurbine_111292_1,25,24.7
NaturalGasFiredCombinedCycle_111295_1,25,16.48
NaturalGasFiredCombinedCycle_111296_1,25,22.97
NaturalGasFiredCombinedCycle_111297_1,1,5.19
NaturalGasFiredCombinedCycle_111301_1,-1,28.92
NaturalGasFiredCombinedCycle_111302_1,1,30.33
NaturalGasFiredCombinedCycle_111303_1,1,20.77
NaturalGasFiredCombinedCycle_111304_1,1,24.52
NaturalGasFiredCombustionTurbine_111306_1,-1,26.33
NaturalGasFiredCombustionTurbine_111307_1,-25,27.46
NaturalGasFiredCombustionTurbine_111308_1,-25,46.9
NaturalGasFiredCombustionTurbine_111309_1,1,47.78
NaturalGasFiredCombinedCycle_111312_1,1,16.83
NaturalGasFiredCombinedCycle_111313_1,73,49.54
NaturalGasFiredCombinedCycle_111314_1,-1,71.73
NaturalGasFiredCombinedCycle_111315_1,25,58.52
NaturalGasFiredCombinedCycle_111316_1,1,8.55
NaturalGasFiredCombinedCycle_111318_1,-1,37.94
NaturalGasFiredCombinedCycle_111319_1,25,69.97
NaturalGasFiredCombinedCycle_111320_1,-25,59.93
NaturalGasFiredCombinedCycle_111321_1,-25,42.35
NaturalGasFiredCombinedCycle_111322_1,-25,63.29
NaturalGasFiredCombinedCycle_111324_1,1,82.41
NaturalGasFiredCombinedCycle_111325_1,1,90.78
NaturalGasFiredCombinedCycle_111326_1,-1,44.07
NaturalGasFiredCombinedCycle_111327_1,1,66.98
Batteries_111329_1,1,5.26
NaturalGasFiredCombustionTurbine_111330_1,1,9.54
NaturalGasFiredCombinedCycle_111333_1,25,110.38
NaturalGasFiredCombinedCycle_111334_1,-97,74.33
NaturalGasFiredCombinedCycle_111335_1,1,77.27
NaturalGasFiredCombinedCycle_111336_1,-25,38.81
NaturalGasFiredCombinedCycle_111339_1,-49,95.32
NaturalGasFiredCombinedCycle_111340_1,-1,37.65
NaturalGasFiredCombinedCycle_111341_1,-1,44.21
NaturalGasFiredCombustionTurbine_111343_1,-49,10.31
NaturalGasFiredCombustionTurbine_111344_1,121,18.13
NaturalGasFiredCombustionTurbine_111344_2,-1,5.07
NaturalGasFiredCombustionTurbine_111345_1,1,6.14
NaturalGasFiredCombinedCycle_111347_1,-25,37.51
NaturalGasFiredCombinedCycle_111348_1,1,24.1
NaturalGasFiredCombinedCycle_111349_1,25,20.63
NaturalGasFiredCombinedCycle_111350_1,-25,35.46
NaturalGasFiredCombinedCycle_111351_1,-49,32.88
NaturalGasFiredCombinedCycle_111352_1,49,66.37
NaturalGasFiredCombinedCycle_111354_1,-49,9.55
NaturalGasFiredCombinedCycle_111355_1,-1,39.06
NaturalGasFiredCombinedCycle_111356_1,-25,44.23
NaturalGasFiredCombinedCycle_111357_1,25,21.32
NaturalGasFiredCombinedCycle_111358_1,-25,32.86
NaturalGasFiredCombinedCycle_111360_1,49,36.35
NaturalGasFiredCombinedCycle_111361_1,-1,22.87
NaturalGasFiredCombinedCycle_111364_1,-1,44.23
NaturalGasFiredCombinedCycle_111365_1,-97,33.19
NaturalGasFiredCombinedCycle_111366_1,1,8.33
NaturalGasFiredCombinedCycle_111367_1,25,25.74
NaturalGasFiredCombinedCycle_111368_1,49,13.5
NaturalGasFiredCombinedCycle_111369_1,25,10.13
NaturalGasFiredCombinedCycle_111372_1,-25,74.41
NaturalGasFiredCombinedCycle_111373_1,-1,22.41
NaturalGasFiredCombinedCycle_111374_1,49,66.8
NaturalGasFiredCombustionTurbine_111376_1,-25,2.28
NaturalGasFiredCombustionTurbine_111378_1,1,6.91
NaturalGasFiredCombustionTurbine_111382_1,1,12.81
Batteries_111384_1,25,4.91
NaturalGasFiredCombustionTurbine_111386_1,-49,32.63
NaturalGasFiredCombinedCycle_111390_1,-25,220.95
NaturalGasFiredCombinedCycle_111391_1,-97,51.41
NaturalGasFiredCombinedCycle_111392_1,-25,156.21
NaturalGasFiredCombustionTurbine_111395_1,-97,7.28
NaturalGasFiredCombustionTurbine_111396_1,25,10.18
NaturalGasFiredCombustionTurbine_111397_1,49,19.57
NaturalGasFiredCombustionTurbine_111398_1,25,24.34
NaturalGasFiredCombustionTurbine_111399_1,-25,14.99
NaturalGasFiredCombustionTurbine_111400_1,-49,18.36
NaturalGasFiredCombustionTurbine_111402_1,-1,13.77
NaturalGasFiredCombustionTurbine_111402_2,1,10.04
NaturalGasFiredCombustionTurbine_111404_1,-25,41.9
SolarPhotovoltaic_111408_1,25,1.83
SolarPhotovoltaic_111410_1,25,3.8
SolarPhotovoltaic_111412_1,1,2.08
NaturalGasFiredCombustionTurbine_120434_1,-1,4.6
NaturalGasFiredCombustionTurbine_120434_2,-1,7.34
NaturalGasFiredCombustionTurbine_120435_1,25,9.75
NaturalGasFiredCombustionTurbine_120436_1,-1,7.55
NaturalGasSteamTurbine_120438_1,1,184.51
NaturalGasSteamTurbine_120439_1,-49,112.96
NaturalGasFiredCombustionTurbine_120442_1,-73,12.14
NaturalGasFiredCombustionTurbine_120442_2,-1,13.89
NaturalGasFiredCombustionTurbine_120443_1,-25,17.18
NaturalGasFiredCombustionTurbine_120443_2,1,17.96
NaturalGasSteamTurbine_120444_1,73,57.33
NaturalGasSteamTurbine_120445_1,25,83.66
NaturalGasSteamTurbine_120446_1,-25,48.81
NaturalGasInternalCombustionEngine_120449_1,25,2.73
NaturalGasInternalCombustionEngine_120449_2,1,3.98
NaturalGasInternalCombustionEngine_120450_1,1,3.63
NaturalGasInternalCombustionEngine_120450_2,-1,4.14
NaturalGasInternalCombustionEngine_120451_1,-1,3.44
NaturalGasInternalCombustionEngine_120451_2,25,1.32
NaturalGasInternalCombustionEngine_120452_1,1,2.6
NaturalGasInternalCombustionEngine_120452_2,49,2.89
NaturalGasInternalCombustionEngine_120453_1,1,3.04
NaturalGasInternalCombustionEngine_120454_1,-25,2.48
NaturalGasInternalCombustionEngine_120454_2,-1,1.26
NaturalGasInternalCombustionEngine_120455_1,1,2.19
NaturalGasInternalCombustionEngine_120455_2,-1,4.13
NaturalGasInternalCombustionEngine_120456_1,-8,1.47
NaturalGasInternalCombustionEngine_120456_2,-1,3.36
NaturalGasInternalCombustionEngine_120457_1,1,1.35
NaturalGasInternalCombustionEngine_120457_2,25,2.04
NaturalGasInternalCombustionEngine_120458_1,-8,3.46
NaturalGasInternalCombustionEngine_120458_2,-1,1.34
NaturalGasInternalCombustionEngine_120459_1,-121,1.71
NaturalGasInternalCombustionEngine_120459_2,1,3.28
NaturalGasInternalCombustionEngine_120460_1,-1,4.12
NaturalGasInternalCombustionEngine_120460_2,-1,2.73
NaturalGasInternalCombustionEngine_120461_1,-73,1.02
NaturalGasFiredCombinedCycle_120472_1,-73,83.8
NaturalGasFiredCombinedCycle_120473_1,25,30.66
NaturalGasFiredCombinedCycle_120474_1,-1,75.59
SolarPhotovoltaic_120490_1,-25,3.91
OnshoreWindTurbine_120493_1,25,20.75
SolarPhotovoltaic_120498_1,-1,1.22
SolarPhotovoltaic_120500_1,1,3.02
SolarPhotovoltaic_120503_2,1,4.92
SolarPhotovoltaic_120507_1,25,8.22
SolarPhotovoltaic_120512_1,1,32.82
Batteries_120524_1,-49,1.39
NaturalGasSteamTurbine_130351_1,-49,61.95
NaturalGasSteamTurbine_130352_1,97,20.72
NaturalGasSteamTurbine_130353_1,1,26.64
NaturalGasFiredCombinedCycle_130355_1,-25,39.1
NaturalGasFiredCombinedCycle_130356_1,1,52.69
NaturalGasFiredCombinedCycle_130359_1,1,183.65
NaturalGasFiredCombinedCycle_130360_1,25,101.43
NaturalGasFiredCombinedCycle_130361_1,1,24.75
NaturalGasFiredCombinedCycle_130362_1,1,52.33
NaturalGasFiredCombinedCycle_130363_1,-1,45.96
NaturalGasFiredCombinedCycle_130364_1,1,72.75
NaturalGasFiredCombinedCycle_130365_1,25,47.33
NaturalGasFiredCombinedCycle_130366_1,1,69.07
NaturalGasFiredCombustionTurbine_140304_1,-1,15.03
NaturalGasFiredCombustionTurbine_140305_1,-25,22.65
NaturalGasFiredCombustionTurbine_140306_1,-8,15.48
NaturalGasFiredCombustionTurbine_140307_1,-1,22.59
NaturalGasSteamTurbine_140308_1,25,102.82
NaturalGasSteamTurbine_140309_1,-97,80.03
ConventionalHydroelectric_140311_1,-1,3.96
ConventionalHydroelectric_140311_2,-25,2.52
ConventionalHydroelectric_140313_1,49,5.0
ConventionalHydroelectric_140314_1,-49,3.61
ConventionalHydroelectric_140320_1,-97,3.25
ConventionalHydroelectric_140321_1,-1,9.12
ConventionalHydroelectric_140327_1,49,10.71
ConventionalHydroelectric_140328_1,-25,6.42
ConventionalHydroelectric_140328_2,25,13.5
NaturalGasSteamTurbine_140331_1,-25,141.54
NaturalGasSteamTurbine_140332_1,-1,66.98
NaturalGasSteamTurbine_140333_1,-49,17.25
NaturalGasFiredCombinedCycle_140335_1,-1,25.92
NaturalGasFiredCombinedCycle_140336_1,-25,54.02
NaturalGasFiredCombinedCycle_140337_1,1,18.08
NaturalGasFiredCombinedCycle_140339_1,1,72.34
NaturalGasFiredCombinedCycle_140340_1,49,54.56
NaturalGasFiredCombustionTurbine_140341_1,-1,14.72
NaturalGasFiredCombustionTurbine_140341_2,-49,20.33
NaturalGasFiredCombustionTurbine_140342_1,1,6.4
NaturalGasFiredCombustionTurbine_140342_2,-49,8.21
NaturalGasFiredCombustionTurbine_140343_1,25,21.59
NaturalGasFiredCombustionTurbine_140343_2,-97,8.3
NaturalGasFiredCombinedCycle_140361_1,-25,27.43
NaturalGasFiredCombinedCycle_140362_1,-25,38.5
NaturalGasFiredCombinedCycle_140363_1,1,71.65
NaturalGasFiredCombustionTurbine_140374_1,25,17.07
NaturalGasFiredCombustionTurbine_140374_2,-25,15.94
NaturalGasFiredCombustionTurbine_140375_1,-1,20.27
NaturalGasFiredCombustionTurbine_140375_2,-1,12.07
SolarPhotovoltaic_140377_1,25,11.38
NaturalGasSteamTurbine_150429_1,1,97.44
NaturalGasSteamTurbine_150431_1,25,110.02
NaturalGasSteamTurbine_150433_1,-25,141.35
NaturalGasFiredCombustionTurbine_150435_1,-1,40.82
NaturalGasFiredCombustionTurbine_150436_1,-1,22.69
NaturalGasSteamTurbine_150437_1,-25,90.83
NaturalGasSteamTurbine_150438_1,-8,26.66
NaturalGasSteamTurbine_150439_1,25,8.92
Nuclear_150441_1,24,571.44
Nuclear_150442_1,24,212.97
NaturalGasFiredCombustionTurbine_150447_1,49,13.28
NaturalGasFiredCombustionTurbine_150448_1,25,31.3
NaturalGasFiredCombinedCycle_150451_1,-8,1.97
NaturalGasFiredCombinedCycle_150452_1,-8,3.14
NaturalGasFiredCombinedCycle_150454_1,-8,3.54
NaturalGasFiredCombinedCycle_150454_2,-8,1.83
NaturalGasFiredCombinedCycle_150462_1,-8,42.85
NaturalGasFiredCombinedCycle_150463_1,-8,37.04
NaturalGasFiredCombinedCycle_150476_1,-8,78.63
NaturalGasFiredCombinedCycle_150477_1,-8,49.82
NaturalGasFiredCombinedCycle_150481_1,-25,34.08
NaturalGasFiredCombinedCycle_150482_1,-1,117.8
NaturalGasFiredCombinedCycle_150483_1,-25,48.08
NaturalGasFiredCombinedCycle_150484_1,1,19.26
NaturalGasFiredCombinedCycle_150485_1,25,70.83
NaturalGasFiredCombinedCycle_150486_1,1,76.51
NaturalGasFiredCombinedCycle_150488_1,1,78.65
NaturalGasFiredCombinedCycle_150489_1,-1,109.5
NaturalGasFiredCombinedCycle_150490_1,49,59.72
OnshoreWindTurbine_150492_1,-1,27.95
OnshoreWindTurbine_150496_1,-1,45.51
OnshoreWindTurbine_150499_1,1,112.16
OnshoreWindTurbine_150502_1,-25,26.89
OnshoreWindTurbine_150505_1,49,63.38
OnshoreWindTurbine_150507_1,1,17.68
OnshoreWindTurbine_150510_1,25,33.61
OnshoreWindTurbine_150512_1,1,45.8
OnshoreWindTurbine_150515_1,1,46.71
OnshoreWindTurbine_150517_1,1,33.41
OnshoreWindTurbine_150520_1,1,34.28
NaturalGasFiredCombinedCycle_150523_1,25,83.67
NaturalGasFiredCombinedCycle_150524_1,-49,96.89
NaturalGasFiredCombinedCycle_150525_1,1,53.83
OnshoreWindTurbine_150528_1,-1,65.32
OnshoreWindTurbine_150531_1,73,23.31
OnshoreWindTurbine_150534_1,-24,0.0
NaturalGasInternalCombustionEngine_150541_1,1,8.67
NaturalGasInternalCombustionEngine_150541_2,49,7.56
NaturalGasInternalCombustionEngine_150542_1,25,4.22
NaturalGasInternalCombustionEngine_150543_1,25,3.9
NaturalGasInternalCombustionEngine_150543_2,-1,7.92
NaturalGasInternalCombustionEngine_150544_1,-1,6.95
NaturalGasInternalCombustionEngine_150544_2,-49,3.86
NaturalGasInternalCombustionEngine_150545_1,-1,2.38
NaturalGasInternalCombustionEngine_150545_2,1,9.17
NaturalGasInternalCombustionEngine_150546_1,1,2.61
NaturalGasInternalCombustionEngine_150546_2,-25,2.95
NaturalGasInternalCombustionEngine_150547_1,-1,8.22
OnshoreWindTurbine_150549_1,-1,8.08
OnshoreWindTurbine_150552_1,73,24.33
SolarPhotovoltaic_150554_1,-25,4.26
NaturalGasFiredCombinedCycle_160189_1,-25,86.55
NaturalGasFiredCombinedCycle_160190_1,49,75.61
NaturalGasFiredCombinedCycle_160191_1,1,15.86
NaturalGasFiredCombinedCycle_160194_1,1,57.13
NaturalGasFiredCombinedCycle_160195_1,121,56.39
NaturalGasFiredCombinedCycle_160198_1,49,22.57
NaturalGasFiredCombinedCycle_160199_1,-25,7.59
NaturalGasFiredCombinedCycle_160199_2,1,11.93
NaturalGasFiredCombinedCycle_160200_1,1,10.19
NaturalGasFiredCombustionTurbine_160200_2,25,1.95
NaturalGasFiredCombustionTurbine_160201_1,25,1.59
NaturalGasFiredCombinedCycle_160205_1,-1,138.58
NaturalGasFiredCombinedCycle_160206_1,-25,39.96
NaturalGasFiredCombinedCycle_160207_1,-1,39.26
NaturalGasSteamTurbine_160208_1,49,92.25
NaturalGasFiredCombustionTurbine_160214_1,-49,13.73
NaturalGasFiredCombinedCycle_160216_1,-1,35.46
NaturalGasFiredCombinedCycle_160218_1,-97,10.37
NaturalGasFiredCombinedCycle_160219_1,25,23.15
NaturalGasFiredCombinedCycle_160220_1,73,7.75
NaturalGasFiredCombinedCycle_160221_1,-25,32.35
NaturalGasFiredCombinedCycle_160222_1,-1,20.78
NaturalGasFiredCombustionTurbine_160223_1,1,14.72
NaturalGasFiredCombinedCycle_160223_2,-121,13.75
NaturalGasFiredCombinedCycle_160224_1,1,3.86
NaturalGasFiredCombustionTurbine_160226_1,-1,25.95
NaturalGasFiredCombustionTurbine_160228_1,1,8.09
Batteries_160230_1,-49,5.3
PetroleumCoke_160231_1,1,11.05
NaturalGasFiredCombinedCycle_160236_2,1,4.84
NaturalGasFiredCombinedCycle_160237_1,49,9.98
NaturalGasFiredCombinedCycle_160237_2,1,6.17
NaturalGasFiredCombinedCycle_160238_1,1,5.75
NaturalGasFiredCombinedCycle_160239_1,-1,5.85
NaturalGasFiredCombustionTurbine_160246_1,1,10.13
NaturalGasFiredCombinedCycle_160249_1,1,33.5
NaturalGasFiredCombinedCycle_160250_1,-1,20.3
NaturalGasFiredCombinedCycle_160251_1,-25,9.38
NaturalGasFiredCombinedCycle_160253_1,-1,49.55
NaturalGasFiredCombinedCycle_160254_1,-1,41.23
NaturalGasFiredCombinedCycle_160255_1,1,61.42
NaturalGasFiredCombinedCycle_160258_1,-73,47.23
NaturalGasFiredCombinedCycle_160259_1,25,60.12
OtherGases_160260_1,-1,24.83
OnshoreWindTurbine_160263_1,-8,130.47
NaturalGasSteamTurbine_160266_1,-1,51.51
NaturalGasSteamTurbine_160267_1,-1,36.78
OnshoreWindTurbine_160270_1,1,100.49
OnshoreWindTurbine_160273_1,-8,30.06
OnshoreWindTurbine_160275_1,-8,84.93
OnshoreWindTurbine_160278_1,25,31.44
OnshoreWindTurbine_160281_1,-8,46.66
OnshoreWindTurbine_160283_1,-1,3.96
OnshoreWindTurbine_160286_1,-97,103.56
OnshoreWindTurbine_160288_1,-25,34.11
OnshoreWindTurbine_160291_1,49,37.2
NaturalGasFiredCombustionTurbine_160293_1,25,13.41
NaturalGasFiredCombustionTurbine_160294_1,-1,12.63
NaturalGasFiredCombustionTurbine_160297_1,25,12.73
NaturalGasFiredCombustionTurbine_160298_1,49,7.58
OnshoreWindTurbine_160301_1,73,88.86
OnshoreWindTurbine_160303_1,-25,33.87
NaturalGasSteamTurbine_170518_1,1,85.76
NaturalGasSteamTurbine_170519_1,-49,193.53
NaturalGasSteamTurbine_170522_1,-25,9.13
NaturalGasSteamTurbine_170523_1,-8,47.43
NaturalGasSteamTurbine_170524_1,-8,44.55
NaturalGasFiredCombustionTurbine_170525_1,-8,18.97
NaturalGasInternalCombustionEngine_170528_1,1,1.94
NaturalGasInternalCombustionEngine_170528_2,-8,2.44
NaturalGasInternalCombustionEngine_170529_1,-8,1.14
NaturalGasSteamTurbine_170529_2,-25,20.0
NaturalGasSteamTurbine_170530_2,1,5.16
NaturalGasSteamTurbine_170532_1,-1,18.15
NaturalGasSteamTurbine_170533_1,-1,22.87
ConventionalHydroelectric_170535_1,-1,4.04
ConventionalHydroelectric_170536_1,25,14.94
NaturalGasFiredCombinedCycle_170540_1,-1,12.33
NaturalGasFiredCombinedCycle_170541_1,-1,25.28
NaturalGasFiredCombinedCycle_170542_1,-8,32.74
NaturalGasFiredCombinedCycle_170550_1,-8,52.04
NaturalGasFiredCombinedCycle_170551_1,-1,35.4
NaturalGasFiredCombinedCycle_170552_1,-49,60.03
NaturalGasFiredCombinedCycle_170553_1,1,26.83
NaturalGasFiredCombinedCycle_170554_1,-24,0.0
NaturalGasFiredCombinedCycle_170555_1,-24,0.0
NaturalGasFiredCombinedCycle_170563_1,-24,0.0
NaturalGasFiredCombinedCycle_170564_1,-24,0.0
NaturalGasFiredCombinedCycle_170565_1,-24,0.0
SolarPhotovoltaic_170577_1,-24,0.0
SolarPhotovoltaic_170579_1,-24,0.0
SolarPhotovoltaic_170583_1,-24,0.0
NaturalGasFiredCombustionTurbine_180111_1,-24,0.0
NaturalGasFiredCombustionTurbine_180112_1,-24,0.0
ConventionalHydroelectric_180114_1,-24,0.0
ConventionalHydroelectric_180115_1,-24,0.0
ConventionalHydroelectric_180117_1,-24,0.0
OnshoreWindTurbine_180119_1,-24,0.0
OnshoreWindTurbine_180121_1,-24,0.0
OnshoreWindTurbine_180123_1,-24,0.0
OnshoreWindTurbine_180126_1,-24,0.0
OnshoreWindTurbine_180128_1,-24,0.0
OnshoreWindTurbine_180131_1,-24,0.0
OnshoreWindTurbine_180134_1,-24,0.0
OnshoreWindTurbine_180137_1,-24,0.0
OnshoreWindTurbine_180140_1,-24,0.0
OnshoreWindTurbine_180143_1,-24,0.0
SolarPhotovoltaic_180145_1,-24,0.0
OnshoreWindTurbine_190106_1,-24,0.0
NaturalGasFiredCombinedCycle_190108_1,-24,0.0
NaturalGasFiredCombinedCycle_190108_2,-24,0.0
NaturalGasFiredCombinedCycle_190109_1,-24,0.0
OnshoreWindTurbine_190111_1,-24,0.0
OnshoreWindTurbine_190114_1,-24,0.0
OnshoreWindTurbine_190116_1,-24,0.0
OnshoreWindTurbine_190118_1,-24,0.0
OnshoreWindTurbine_190120_1,-24,0.0
OnshoreWindTurbine_190123_1,-24,0.0
OnshoreWindTurbine_190124_1,-24,0.0
OnshoreWindTurbine_190126_1,-24,0.0
OnshoreWindTurbine_190129_1,-24,0.0
OnshoreWindTurbine_190132_1,-24,0.0
OnshoreWindTurbine_190134_1,-24,0.0
OnshoreWindTurbine_190136_1,-24,0.0
OnshoreWindTurbine_190139_1,-24,0.0
OnshoreWindTurbine_190142_1,-24,0.0
OnshoreWindTurbine_190145_1,-24,0.0
OnshoreWindTurbine_190147_1,-24,0.0
OnshoreWindTurbine_190149_1,-24,0.0
OnshoreWindTurbine_190152_1,-24,0.0
OnshoreWindTurbine_190155_1,-24,0.0
OnshoreWindTurbine_190157_1,-24,0.0
OnshoreWindTurbine_190159_1,-24,0.0
OnshoreWindTurbine_190162_1,-24,0.0
OnshoreWindTurbine_190165_1,-24,0.0
OnshoreWindTurbine_190167_1,-24,0.0
OnshoreWindTurbine_190169_1,-24,0.0
OnshoreWindTurbine_190172_1,-24,0.0
OnshoreWindTurbine_190174_1,-24,0.0
OnshoreWindTurbine_190177_1,-24,0.0
OnshoreWindTurbine_190182_1,-24,0.0
OnshoreWindTurbine_190185_1,-24,0.0
Batteries_190187_1,-24,0.0
OnshoreWindTurbine_190190_1,-24,0.0
OnshoreWindTurbine_190193_1,-24,0.0
OnshoreWindTurbine_190196_1,-24,0.0
OnshoreWindTurbine_190198_1,-24,0.0
OnshoreWindTurbine_190201_1,-24,0.0
OnshoreWindTurbine_190203_1,-24,0.0
OnshoreWindTurbine_190206_1,-24,0.0
OnshoreWindTurbine_190209_1,-24,0.0
NaturalGasFiredCombinedCycle_200156_1,-24,0.0
NaturalGasFiredCombinedCycle_200156_2,-24,0.0
NaturalGasFiredCombustionTurbine_200157_1,-24,0.0
Batteries_200162_1,-24,0.0
NaturalGasFiredCombinedCycle_200168_1,-24,0.0
NaturalGasFiredCombinedCycle_200169_1,-24,0.0
NaturalGasFiredCombinedCycle_200170_1,-24,0.0
NaturalGasFiredCombinedCycle_200172_1,-24,0.0
NaturalGasFiredCombinedCycle_200173_1,-24,0.0
NaturalGasFiredCombinedCycle_200174_1,-24,0.0
OnshoreWindTurbine_200179_1,-24,0.0
OnshoreWindTurbine_200181_1,-24,0.0
OnshoreWindTurbine_200184_1,-24,0.0
OnshoreWindTurbine_200186_1,-24,0.0
OnshoreWindTurbine_200189_1,-24,0.0
OnshoreWindTurbine_200192_1,-24,0.0
NaturalGasInternalCombustionEngine_200195_1,-24,0.0
NaturalGasInternalCombustionEngine_200195_2,-24,0.0
NaturalGasInternalCombustionEngine_200196_1,-24,0.0
NaturalGasInternalCombustionEngine_200197_1,-24,0.0
NaturalGasInternalCombustionEngine_200198_1,-24,0.0
NaturalGasInternalCombustionEngine_200198_2,-24,0.0
NaturalGasInternalCombustionEngine_200199_1,-24,0.0
NaturalGasInternalCombustionEngine_200200_1,-24,0.0
NaturalGasInternalCombustionEngine_200201_1,-24,0.0
NaturalGasInternalCombustionEngine_200201_2,-24,0.0
NaturalGasInternalCombustionEngine_200202_1,-24,0.0
NaturalGasInternalCombustionEngine_200202_2,-24,0.0
OnshoreWindTurbine_200204_1,-24,0.0
OnshoreWindTurbine_200207_1,-24,0.0
ConventionalHydroelectric_210319_1,-24,0.0
ConventionalHydroelectric_210319_2,-24,0.0
ConventionalHydroelectric_210320_1,-24,0.0
ConventionalHydroelectric_210322_1,-24,0.0
ConventionalHydroelectric_210325_1,-24,0.0
ConventionalHydroelectric_210325_2,-24,0.0
NaturalGasFiredCombinedCycle_210327_1,-24,0.0
NaturalGasFiredCombinedCycle_210328_1,-24,0.0
NaturalGasFiredCombinedCycle_210329_1,-24,0.0
NaturalGasFiredCombinedCycle_210330_1,-24,0.0
NaturalGasFiredCombinedCycle_210331_1,-24,0.0
NaturalGasFiredCombinedCycle_210336_1,-24,0.0
NaturalGasFiredCombinedCycle_210337_1,-24,0.0
NaturalGasFiredCombinedCycle_210338_1,-24,0.0
NaturalGasFiredCombinedCycle_210339_1,-24,0.0
NaturalGasFiredCombinedCycle_210340_1,-24,0.0
NaturalGasFiredCombinedCycle_210341_1,-24,0.0
OnshoreWindTurbine_210346_1,-24,0.0
OnshoreWindTurbine_210349_1,-24,0.0
SolarPhotovoltaic_210351_1,-24,0.0
OnshoreWindTurbine_210354_1,-24,0.0
SolarPhotovoltaic_210358_1,-24,0.0
NaturalGasFiredCombustionTurbine_220123_1,-24,0.0
NaturalGasFiredCombustionTurbine_220124_1,-24,0.0
NaturalGasFiredCombustionTurbine_220125_1,-24,0.0
NaturalGasFiredCombustionTurbine_220126_1,-24,0.0
NaturalGasFiredCombustionTurbine_220127_1,-24,0.0
NaturalGasFiredCombinedCycle_220132_1,-24,0.0
NaturalGasFiredCombinedCycle_220133_1,-24,0.0
NaturalGasFiredCombinedCycle_220134_1,-24,0.0
OnshoreWindTurbine_220136_1,-24,0.0
NaturalGasFiredCombinedCycle_220142_1,-24,0.0
NaturalGasFiredCombinedCycle_220143_1,-24,0.0
NaturalGasFiredCombinedCycle_220144_1,-24,0.0
NaturalGasFiredCombinedCycle_220145_1,-24,0.0
NaturalGasFiredCombinedCycle_220146_1,-24,0.0
NaturalGasFiredCombinedCycle_220147_1,-24,0.0
OnshoreWindTurbine_220149_1,-24,0.0
OnshoreWindTurbine_220151_1,-24,0.0
OnshoreWindTurbine_220153_1,-24,0.0
OnshoreWindTurbine_220156_1,-24,0.0
OnshoreWindTurbine_220159_1,-24,0.0
NaturalGasFiredCombinedCycle_220162_1,-24,0.0
NaturalGasFiredCombinedCycle_220163_1,-24,0.0
NaturalGasFiredCombinedCycle_220164_1,-24,0.0
NaturalGasFiredCombinedCycle_220165_1,-24,0.0
NaturalGasFiredCombinedCycle_220166_1,-24,0.0
NaturalGasFiredCombinedCycle_220167_1,-24,0.0
OnshoreWindTurbine_220169_1,-24,0.0
OnshoreWindTurbine_220171_1,-24,0.0
OnshoreWindTurbine_220174_1,-24,0.0
OnshoreWindTurbine_220176_1,-24,0.0
OnshoreWindTurbine_220178_1,-24,0.0
OnshoreWindTurbine_220181_1,-24,0.0
OnshoreWindTurbine_220183_1,-24,0.0
OnshoreWindTurbine_220186_1,-24,0.0
OnshoreWindTurbine_220188_1,-24,0.0
Batteries_220191_1,-24,0.0
OnshoreWindTurbine_220191_2,-24,0.0
OnshoreWindTurbine_220192_1,-24,0.0
OnshoreWindTurbine_220195_1,-24,0.0
NaturalGasFiredCombustionTurbine_220198_1,-24,0.0
NaturalGasFiredCombustionTurbine_220199_1,-24,0.0
SolarPhotovoltaic_220201_1,-24,0.0
SolarPhotovoltaic_220203_1,-24,0.0
SolarPhotovoltaic_220206_1,-24,0.0
OnshoreWindTurbine_220209_1,-24,0.0
OnshoreWindTurbine_220214_1,-24,0.0
OnshoreWindTurbine_220216_1,-24,0.0
SolarPhotovoltaic_220219_1,-24,0.0
SolarPhotovoltaic_220222_1,-24,0.0
Batteries_220225_1,-24,0.0
SolarPhotovoltaic_220225_2,-24,0.0
SolarPhotovoltaic_220228_1,-24,0.0
SolarPhotovoltaic_220230_1,-24,0.0
SolarPhotovoltaic_220234_1,-24,0.0
SolarPhotovoltaic_220236_1,-24,0.0
SolarPhotovoltaic_220241_1,-24,0.0
SolarPhotovoltaic_220245_1,-24,0.0
SolarPhotovoltaic_220247_1,-24,0.0
SolarPhotovoltaic_220250_1,-24,0.0
SolarPhotovoltaic_220253_1,-24,0.0
SolarPhotovoltaic_220256_1,-24,0.0
NaturalGasFiredCombustionTurbine_230262_1,-24,0.0
NaturalGasFiredCombustionTurbine_230275_1,-24,0.0
NaturalGasFiredCombustionTurbine_230275_2,-24,0.0
NaturalGasSteamTurbine_230276_1,-24,0.0
NaturalGasFiredCombinedCycle_230284_1,-24,0.0
NaturalGasFiredCombinedCycle_230285_1,-24,0.0
NaturalGasFiredCombinedCycle_230286_1,-24,0.0
NaturalGasFiredCombinedCycle_230287_1,-24,0.0
NaturalGasFiredCombinedCycle_230290_1,-24,0.0
NaturalGasFiredCombinedCycle_230290_2,-24,0.0
NaturalGasInternalCombustionEngine_230293_1,-24,0.0
NaturalGasInternalCombustionEngine_230293_2,-24,0.0
NaturalGasInternalCombustionEngine_230294_1,-24,0.0
NaturalGasInternalCombustionEngine_230294_2,-24,0.0
NaturalGasInternalCombustionEngine_230295_1,-24,0.0
NaturalGasInternalCombustionEngine_230295_2,-24,0.0
NaturalGasFiredCombustionTurbine_240195_1,-24,0.0
NaturalGasFiredCombustionTurbine_240196_1,-24,0.0
NaturalGasFiredCombustionTurbine_240197_1,-24,0.0
NaturalGasFiredCombustionTurbine_240198_1,-24,0.0
NaturalGasFiredCombustionTurbine_240199_1,-24,0.0
NaturalGasFiredCombustionTurbine_240200_1,-24,0.0
ConventionalHydroelectric_240202_1,-24,0.0
ConventionalHydroelectric_240202_2,-24,0.0
OnshoreWindTurbine_240210_1,-24,0.0
OnshoreWindTurbine_240212_1,-24,0.0
OnshoreWindTurbine_240214_1,-24,0.0
OnshoreWindTurbine_240217_1,-24,0.0
OnshoreWindTurbine_240219_1,-24,0.0
OnshoreWindTurbine_240221_1,-24,0.0
OnshoreWindTurbine_240222_1,-24,0.0
OnshoreWindTurbine_240223_1,-24,0.0
OnshoreWindTurbine_240225_1,-24,0.0
OnshoreWindTurbine_240228_1,-24,0.0
OnshoreWindTurbine_240230_1,-24,0.0
OnshoreWindTurbine_240233_1,-24,0.0
OnshoreWindTurbine_240236_1,-24,0.0
OnshoreWindTurbine_240239_1,-24,0.0
OnshoreWindTurbine_240241_1,-24,0.0
OnshoreWindTurbine_240244_1,-24,0.0
OnshoreWindTurbine_240246_1,-24,0.0
OnshoreWindTurbine_240248_1,-24,0.0
OnshoreWindTurbine_240250_1,-24,0.0
OnshoreWindTurbine_240255_1,-24,0.0
OnshoreWindTurbine_240256_1,-24,0.0
OnshoreWindTurbine_240258_1,-24,0.0
OnshoreWindTurbine_240259_1,-24,0.0
OnshoreWindTurbine_240260_1,-24,0.0
OnshoreWindTurbine_240261_1,-24,0.0
OnshoreWindTurbine_240266_1,-24,0.0
OnshoreWindTurbine_240269_1,-24,0.0
OnshoreWindTurbine_240272_1,-24,0.0
OnshoreWindTurbine_240275_1,-24,0.0
Batteries_240278_1,-24,0.0
OnshoreWindTurbine_240278_2,-24,0.0
Batteries_240280_1,-24,0.0
OnshoreWindTurbine_240280_2,-24,0.0
OnshoreWindTurbine_240282_1,-24,0.0
OnshoreWindTurbine_240284_1,-24,0.0
OnshoreWindTurbine_240285_1,-24,0.0
SolarPhotovoltaic_240288_1,-24,0.0
OnshoreWindTurbine_240291_1,-24,0.0
OnshoreWindTurbine_240293_1,-24,0.0
OnshoreWindTurbine_240296_1,-24,0.0
SolarPhotovoltaic_240298_1,-24,0.0
OnshoreWindTurbine_240301_1,-24,0.0
OnshoreWindTurbine_240304_1,-24,0.0
OnshoreWindTurbine_240307_1,-24,0.0
OnshoreWindTurbine_240312_1,-24,0.0
OnshoreWindTurbine_240317_1,-24,0.0
OnshoreWindTurbine_240320_1,-24,0.0
NaturalGasSteamTurbine_250347_1,-24,0.0
NaturalGasSteamTurbine_250348_1,-24,0.0
NaturalGasSteamTurbine_250354_1,-24,0.0
NaturalGasFiredCombinedCycle_250362_1,-24,0.0
NaturalGasFiredCombinedCycle_250363_1,-24,0.0
NaturalGasFiredCombinedCycle_250364_1,-24,0.0
NaturalGasFiredCombinedCycle_250365_1,-24,0.0
NaturalGasFiredCombinedCycle_250367_1,-24,0.0
NaturalGasFiredCombinedCycle_250368_1,-24,0.0
NaturalGasFiredCombinedCycle_250369_1,-24,0.0
NaturalGasFiredCombinedCycle_250370_1,-24,0.0
NaturalGasFiredCombinedCycle_250371_1,-24,0.0
NaturalGasFiredCombinedCycle_250372_1,-24,0.0
Batteries_250374_1,-24,0.0
SolarPhotovoltaic_250376_1,-24,0.0
NaturalGasFiredCombinedCycle_260208_1,-24,0.0
NaturalGasFiredCombinedCycle_260209_1,-24,0.0
NaturalGasFiredCombinedCycle_260210_1,-24,0.0
NaturalGasFiredCombinedCycle_260211_1,-24,0.0
NaturalGasFiredCombinedCycle_260212_1,-24,0.0
NaturalGasFiredCombinedCycle_260213_1,-24,0.0
NaturalGasFiredCombinedCycle_270207_1,-24,0.0
NaturalGasFiredCombinedCycle_270208_1,-24,0.0
NaturalGasFiredCombinedCycle_270209_1,-24,0.0
NaturalGasFiredCombinedCycle_270210_1,-24,0.0
NaturalGasFiredCombinedCycle_270212_1,-24,0.0
NaturalGasFiredCombinedCycle_270213_1,-24,0.0
NaturalGasFiredCombinedCycle_270214_1,-24,0.0
NaturalGasFiredCombinedCycle_270215_1,-24,0.0
NaturalGasFiredCombinedCycle_270217_1,-24,0.0
NaturalGasFiredCombinedCycle_270218_1,-24,0.0
NaturalGasFiredCombinedCycle_270219_1,-24,0.0
NaturalGasFiredCombinedCycle_270220_1,-24,0.0
NaturalGasFiredCombinedCycle_270221_1,-24,0.0
NaturalGasFiredCombinedCycle_270222_1,-24,0.0
